,A,B,C,D
2000-01-01,1.03813322878,0.265804372528,-0.287269096309,-1.60706571404
2000-01-02,1.10229454879,-0.243126103695,-1.59650302371,-0.729449936949
2000-01-03,-0.771725727472,1.67984456796,1.01324416461,0.676496082331
2000-01-04,1.13354448764,-0.808569620851,1.44167073414,1.58262518068
2000-01-05,0.227506172683,-2.12663049846,-1.85934009214,-0.30416916836
2000-01-06,0.439436529442,-0.0531360774525,1.22909209023,0.108790221721
2000-01-07,-0.969070301646,-0.628298399225,1.19987227431,0.024218521831
2000-01-08,1.14729187342,0.293288771637,0.514582616952,0.179937117176
2000-01-09,0.580928470601,0.455753134848,0.196365833677,1.60976801934
2000-01-10,-0.329926408606,0.184295302438,0.285928337402,0.192654225577
2000-01-11,0.299348444374,0.78698907282,-1.17904091423,1.58346345174
2000-01-12,-1.41012360575,1.91172664532,-1.14583720679,1.16941715518
2000-01-13,-0.340209640367,1.305062365,1.14194679858,-1.99399511847
2000-01-14,-0.43861711734,0.278402947826,-0.721532451685,2.66660647365
2000-01-15,0.194201334574,-0.25260728578,-0.119915975329,0.541302671016
2000-01-16,-0.815416456995,2.02569021724,-0.765970194004,1.00534953244
2000-01-17,-0.552343257944,-0.324599762562,-0.160734330455,0.957937958008
2000-01-18,-0.235207410657,-0.397883799865,0.886344083756,0.564679701216
2000-01-19,-0.69158816879,0.728793755683,-0.315095731039,0.223644398187
2000-01-20,0.266924112686,-0.236725886549,-0.278406806325,-0.874382077365
2000-01-21,-0.767246379348,1.11646317186,1.16024416401,-0.636375741372
2000-01-22,0.345246005026,0.867588106721,-0.0321360906167,2.02617665358
2000-01-23,-0.706495358462,-0.211208720735,3.04859402568,-1.32035547197
2000-01-24,-0.103142692258,-0.165245410508,0.542532786838,-1.62551777518
2000-01-25,1.83622518158,-0.181951290602,-0.728405126573,0.560792399706
2000-01-26,0.454760571412,1.50654474382,0.65521235441,-0.0679869477017
2000-01-27,-1.29998354973,-0.68534162511,0.54449985735,-1.22192733584
2000-01-28,1.02703974537,0.186685938529,0.518608453272,0.154178148933
2000-01-29,0.319989557025,0.452550360921,0.0309622967113,-0.40258093206
2000-01-30,-0.946157806171,-0.302219161015,-0.0586421404678,0.842717415228
2000-01-31,0.706571240288,0.289036128534,-0.309509722666,0.786023630093
2000-02-01,0.594788201347,-0.277044663067,-0.865729519472,0.28722460091
2000-02-02,-0.480332885083,1.07401173628,-0.206435097882,0.7461630956
2000-02-03,-0.991314848088,-0.24486465147,0.232014079449,0.595280454285
2000-02-04,-0.423969189825,-0.13570490383,0.718895315199,0.412238058416
2000-02-05,-0.837666467092,1.86512189081,0.298160203109,0.0164719244532
2000-02-06,-0.736791683576,-1.03851347133,-1.73511408692,-0.305591988735
2000-02-07,-0.928546620356,-0.0315641594311,-0.521544736258,-0.578962233503
2000-02-08,-1.41308933344,2.59489731819,0.126167739615,1.49673703158
2000-02-09,-0.67131376841,-0.259676715574,-1.27222950916,-1.20161275142
2000-02-10,-1.15212879899,1.03816971331,0.871601276154,-0.827579030348
2000-02-11,0.605173613725,0.553906290658,-1.23918791235,1.27170250074
2000-02-12,0.65551913875,-1.17144828248,1.07113883135,0.514268752343
2000-02-13,-0.781047507089,-1.24045600485,-0.127520674152,-1.92617060651
2000-02-14,0.221388336341,-1.34702553998,0.304018622538,0.952736083399
2000-02-15,0.136745600044,-2.00420962901,1.16423567393,-0.820586035288
2000-02-16,-0.824884573328,-0.468909615567,-0.259524026446,0.848844490562
2000-02-17,0.310556738393,-2.13002619568,1.24160089467,0.739904208744
2000-02-18,0.184448278511,-1.23848715776,0.164959462615,0.0208923317956
2000-02-19,-0.796937472441,0.352574095069,-1.02417411492,-0.660246974932
2000-02-20,0.838122466546,-0.0273602821797,-1.47997297981,-1.96208203214
2000-02-21,-3.14755995827,-0.438067415089,-0.0248857126277,1.77704117441
2000-02-22,0.34060843544,-0.86756436665,-0.657767443294,1.04077161618
2000-02-23,1.22339022428,0.609056351143,-0.646104262344,0.660086577158
2000-02-24,0.80042954151,0.824782543972,-0.707308593662,-0.240457396988
2000-02-25,-0.320793656343,0.161823757649,0.029828809827,0.827504961604
2000-02-26,2.17174252288,-1.59116715322,-0.171878626963,-0.438046847375
2000-02-27,-1.00589201441,2.18273710136,-0.988807321411,-0.942363181177
2000-02-28,-1.07129330232,-0.129670058823,-0.504029814152,1.63778659439
2000-02-29,0.777679239821,-1.67156801339,-1.49041162566,0.494840320665
2000-03-01,0.300080174063,0.471376734564,-0.66190265133,-2.0481466043
2000-03-02,-0.424530353707,0.426043406178,1.24634954283,-0.776415113995
2000-03-03,0.100961887994,-2.19127666667,0.575133278491,0.665837619687
2000-03-04,1.71208052431,-0.30453247311,0.99498228245,1.81069742901
2000-03-05,1.09475908504,-0.303277530461,0.163126343857,-0.574792312799
2000-03-06,0.309798715252,0.685557786154,-1.32379752134,-1.63140987147
2000-03-07,2.23959255959,1.40028903566,-0.097541366169,-0.0761369583382
2000-03-08,0.362411655044,1.06669176171,1.95254799347,1.27330151481
2000-03-09,1.95554828483,0.0404654079193,-0.330939552246,1.11278662341
2000-03-10,0.306500867789,-1.02459199679,0.988279412349,-0.85666002501
2000-03-11,0.741276757891,1.60642895293,0.942993495606,-1.15006837041
2000-03-12,0.27985825946,-1.05181177902,0.627273285937,-0.226886502462
2000-03-13,-0.602628827545,-1.01944402081,1.4217362512,-1.03197366406
2000-03-14,-0.549456892254,0.265779603275,-0.0834335555145,-1.89624774983
2000-03-15,-1.11937137509,-0.310773332161,0.347546617682,0.184599263191
2000-03-16,0.245102548328,-1.44666747808,0.66814234667,-1.07072096921
2000-03-17,0.372206677531,0.684791073949,1.27166112851,0.735564881342
2000-03-18,0.756848037982,0.810190404638,-0.762300750116,0.881984207507
2000-03-19,-1.36436736495,0.71791627083,-0.230860375442,-1.61536540494
2000-03-20,-0.290705359997,1.2635613698,0.838406260307,-0.76580495049
2000-03-21,-0.314797810784,-0.41901041578,0.124447174393,-0.32734141571
2000-03-22,-0.276298898384,0.175975356969,0.832249470281,0.442990553756
2000-03-23,1.56721166858,-1.22802041049,-0.225847327975,0.999372064812
2000-03-24,0.981831150512,-0.546993456065,-0.495805257143,1.38774262238
2000-03-25,-0.218878212127,-0.811655465074,-0.278061818038,0.183017499037
2000-03-26,-1.21147179728,-0.0818619201413,1.37041718583,-1.63806677142
2000-03-27,0.553345645862,-0.210913728088,2.83375425288,0.856976813254
2000-03-28,-0.413505715571,0.378751360278,0.198529426415,-1.124675669
2000-03-29,0.660657029959,-0.380884514728,0.623675347299,0.22770847746
2000-03-30,-0.330263705926,0.0885758421092,1.45383208508,-1.76631488131
2000-03-31,-0.25922263396,-0.151797026716,0.630578980654,-1.24740349678
2000-04-01,1.39044546129,0.153055547053,1.0487853508,0.691906559532
2000-04-02,-0.198595850915,-1.83354136681,-1.7114178114,0.259015256616
2000-04-03,0.0157379011934,0.695469709173,-1.31259451161,-0.741811952661
2000-04-04,0.752964840976,0.423007231446,-0.122477699794,0.814350501692
2000-04-05,-0.600571180985,-0.582858138369,0.476627137047,-0.339299618941
2000-04-06,-0.449818908144,-0.252047061392,-0.73797104008,0.352422860122
2000-04-07,1.02892874956,2.06081938834,1.32443548168,0.310280290236
2000-04-08,1.5804970976,0.89138768551,0.463482526094,0.326566556513
2000-04-09,-1.11072265954,-0.955247473189,1.34346466128,0.702625733339
2000-04-10,1.64183075236,-0.407463757082,-0.877115932002,-0.0306420295663
2000-04-11,1.28522482057,0.56812224845,2.29276881381,1.29884062667
2000-04-12,-0.81498348596,-0.862031329068,0.533916990833,-0.581384734892
2000-04-13,-0.05559538186,-1.01751650553,-0.489583417412,-0.427306875724
2000-04-14,-0.654727646862,-1.3348519448,-0.640088474941,-0.157650375717
2000-04-15,-1.30723497037,-1.06676655985,0.59105541313,-0.108008660252
2000-04-16,0.596530524933,0.194161264055,-0.261142735334,-0.458260407301
2000-04-17,0.0131970603889,-1.2987125785,0.590549868128,0.479060044935
2000-04-18,0.460869640132,0.218188430125,0.528818942007,1.22996428096
2000-04-19,-0.60611375696,1.35949642903,0.286096558034,-0.550291464755
2000-04-20,-1.27739525129,-1.03202432457,2.11255516791,1.42447030675
2000-04-21,1.01038633501,1.76846674967,-1.56294046226,-1.88853402889
2000-04-22,0.289103447322,-0.403393824995,0.562743754794,0.433871977893
2000-04-23,0.352035785751,0.829832352326,-0.469611249261,0.992483857762
2000-04-24,-1.21369665446,-0.535153339695,0.417855576699,1.32109989708
2000-04-25,-1.48987548529,-0.183586606816,-2.50159167882,-0.309718436181
2000-04-26,0.192661150815,-2.0807639758,0.64716439754,0.101489380091
2000-04-27,-1.38080669972,1.53513948561,1.04336190822,-2.6901089281
2000-04-28,-0.267547649081,0.416024134735,-0.474651887715,2.29856824781
2000-04-29,-0.321074139946,-1.01723009687,-0.355937192627,1.9012321287
2000-04-30,0.393005563803,-1.86423289004,-1.01525252111,-0.10346984338
2000-05-01,0.491320943041,-0.345862774668,-0.519220936323,-0.0950599490022
2000-05-02,0.057560534061,-1.70461015541,0.234167952857,0.0737191204473
2000-05-03,-0.331226651326,0.288835959258,-0.903566187435,0.489531235892
2000-05-04,0.157219428258,-0.422420380124,1.71765651842,-0.2588798786
2000-05-05,0.117383541902,1.43213213148,-1.40729171117,1.78418221861
2000-05-06,0.493914401382,-0.778794360479,0.257426933533,-2.23661650204
2000-05-07,1.08709494452,-1.23405717654,-0.0510807032539,0.830292734046
2000-05-08,0.438720036458,-0.121111301678,-0.713860074488,0.611704015097
2000-05-09,-1.80861144648,0.586541458533,-0.947550737424,1.18877104151
2000-05-10,0.189627411086,-0.586558217304,0.730372570917,2.05164100732
2000-05-11,-0.546119937033,0.638311798295,-0.82088625304,-0.14633729358
2000-05-12,-0.751059631251,0.151243759454,0.444642855262,-1.93264368175
2000-05-13,-1.20044339437,-0.960479217464,1.28181488963,2.35779692916
2000-05-14,-1.45413212818,-0.369561778408,0.0773203053751,-0.894555761049
2000-05-15,-0.248185063134,-1.84335502662,0.613240732271,1.61773451297
2000-05-16,0.669206996165,-0.469379547555,1.22386482918,2.1438064243
2000-05-17,-0.0342868306292,-0.112450852462,-0.594200885857,1.26834165377
2000-05-18,0.735812340883,-0.59765543324,-0.357929692303,1.46145476515
2000-05-19,-0.266212557649,-1.0616618642,-0.751074710516,0.411310802425
2000-05-20,0.939422336126,-0.154717099104,1.64362425107,-0.266952533894
2000-05-21,0.41142742457,-0.40706072198,1.51186349948,0.120428592502
2000-05-22,-1.45866086769,0.310632197856,-0.696597972292,0.402855343129
2000-05-23,0.404873773215,0.0085444126202,-1.19479629392,-1.89330588175
2000-05-24,-1.25216094852,-0.292943586761,-0.157529566186,-0.595429642898
2000-05-25,0.512719538888,1.28670873511,1.57715772967,-0.114431938287
2000-05-26,0.189432425281,-1.11146059163,0.927447738029,-1.7052403495
2000-05-27,-0.234467654438,0.965841201592,-1.11214730021,0.017677921432
2000-05-28,0.958294116643,2.07031063869,-0.701380512058,-1.30036467381
2000-05-29,0.28012820868,-0.491299709106,0.665517474772,-0.371671587122
2000-05-30,0.301343210079,-1.18478116781,0.983714004965,-1.74606579614
2000-05-31,-0.747919601142,1.19666689208,-0.0693493092022,-2.60259982913
2000-06-01,1.21072628626,-0.158325416572,-1.09262966135,1.08883836511
2000-06-02,1.35756273325,-0.492496477841,2.76603373489,0.148805261888
2000-06-03,-0.805757238351,0.67616410343,-0.88851236403,-2.12964328522
2000-06-04,-0.101110985907,1.08189189667,0.959750321902,-0.768483873797
2000-06-05,0.0440488254056,0.957520655934,0.0735925705215,-0.871309418483
2000-06-06,0.838278077641,0.992192826003,0.0168191989092,1.25632092468
2000-06-07,-0.418864789883,-2.05073171091,1.21083553015,1.61821304087
2000-06-08,0.223001717058,-1.40632155151,-0.353555602343,0.00303378721345
2000-06-09,0.645911666074,-0.281149617351,-2.78965390413,0.783805076092
2000-06-10,0.226095458475,0.376301736448,-2.98051497717,-0.322151466033
2000-06-11,0.326806062739,0.137745922608,0.255415366457,0.630988602684
2000-06-12,-2.82847833992,0.206871972812,1.07497916216,-0.871716076281
2000-06-13,-0.339841088949,0.563036718332,2.13629871172,-1.40258637442
2000-06-14,-0.646678354687,1.84729505263,-0.048541954174,0.777411882675
2000-06-15,-0.0471865691704,0.0472320483394,1.78329861952,0.625496792524
2000-06-16,-0.653688487695,0.0322507896752,2.66039764475,0.766854082288
2000-06-17,-1.3936625494,-1.38827786705,0.809786107857,0.792903019141
2000-06-18,-0.660826572755,-0.2258021584,0.253492261481,-0.324651567652
2000-06-19,1.68474860982,-1.91839787528,-0.707555256141,-0.568932483771
2000-06-20,0.00598132296639,0.682631198309,0.088187149877,2.33052413958
2000-06-21,-1.29153221177,1.88143939873,0.242784843803,0.226593797974
2000-06-22,-2.62335667983,1.1168117762,1.58955703539,0.492446589945
2000-06-23,-1.00827169467,0.0856066116567,0.322954168005,-1.32125685134
2000-06-24,0.365398837239,-0.297177441708,-0.12473366531,-0.0122140937374
2000-06-25,-1.20893020605,1.32367393798,-0.191828771383,0.668989948348
2000-06-26,2.87997194078,0.444328006802,0.0785113046732,-0.373411848178
2000-06-27,-1.70779063802,1.45252725061,0.969126466316,0.65903680361
2000-06-28,-2.04824824373,-2.59823326995,-0.600722505549,1.49825605988
2000-06-29,-0.103343039714,0.445644516137,-0.228248009554,-1.70933302428
2000-06-30,1.44462273303,0.301132077353,-1.01867264065,-0.869836013295
2000-07-01,0.791305606727,-0.584353095359,-1.57258813728,-0.659546518375
2000-07-02,-0.570087888862,-1.60343742541,2.36376766848,-0.469295327343
2000-07-03,-0.498943086611,1.17606047046,-1.56133368034,-1.08537935199
2000-07-04,0.0336615562983,-0.460085157081,0.24294223428,-0.3181435247
2000-07-05,1.03774666696,-1.1640097338,0.946703073553,0.295667444916
2000-07-06,-1.64349427117,-0.385130749002,0.162360862508,-1.08120054776
2000-07-07,1.0949242966,-1.81262445793,-0.515457057493,-0.211459243512
2000-07-08,0.539406333847,-1.2969177498,0.41734558767,0.754639755488
2000-07-09,-0.107299786413,-0.64133245469,2.53873033256,0.185562364207
2000-07-10,1.83065398919,-0.40907540011,-1.24024241414,-1.44916780833
2000-07-11,-0.758504064232,-0.398147338881,-1.60112214309,-0.372182136685
2000-07-12,0.785640970619,0.222960608915,-0.59410948785,-0.822137278381
2000-07-13,-0.133144638791,-0.206372803083,-1.05496701555,0.293007199661
2000-07-14,0.229957362975,0.458477575693,0.715859395878,-1.17160930196
2000-07-15,-0.357070670107,-0.885283052582,0.245613546559,-1.40902489811
2000-07-16,-0.820105066606,-0.545344250095,-0.71911293536,-1.17622302915
2000-07-17,-1.14615228677,-0.526450608287,-0.528829039294,-0.661589354537
2000-07-18,0.719526853367,0.305311641949,0.682974168193,1.41541337868
2000-07-19,0.893096074608,-0.00426373706369,-1.69930149638,-0.520235985629
2000-07-20,0.240249624976,0.536339045963,-0.14153678735,-0.392394775847
2000-07-21,1.67506683618,-0.475790529406,0.514759758789,-0.370501256011
2000-07-22,0.858231780823,-0.0487778074854,-0.62446711502,-0.310028745614
2000-07-23,-0.185763587694,0.575703094231,0.11964732606,-1.4323902602
2000-07-24,-0.259650559267,-0.0196684145576,1.85215734142,0.690768766364
2000-07-25,-0.650071988803,0.148966532757,-1.29063205914,0.557577296017
2000-07-26,-0.577095377832,1.27839514942,1.77253578668,0.601759038109
2000-07-27,-0.0480877875151,0.280895044891,0.52764263925,-1.22837785355
2000-07-28,0.214860509358,0.451837468951,-0.28104256131,-1.39449516553
2000-07-29,-1.52164577157,0.988917303429,-1.37807234683,1.54859368941
2000-07-30,-0.746185324444,-0.338977902096,-1.23153201383,-1.09379542487
2000-07-31,1.43237544592,-0.685636988356,1.13705353649,1.39064723992
2000-08-01,-2.4930356148,-0.291239506019,2.10927763481,1.61473447797
2000-08-02,0.639069293616,-0.335302186345,-1.12892475947,-1.3090245016
2000-08-03,-1.17112658245,0.817856635126,-0.0216042535101,-0.143733071311
2000-08-04,-0.0265216981395,-0.105418272102,-0.295077242188,-0.513083625222
2000-08-05,1.08020385954,-0.772731113829,1.01671065385,1.04151913082
2000-08-06,0.378758427075,0.0445772776936,0.203546733868,-2.17836736648
2000-08-07,-1.12228692118,0.218971952568,-0.278051181854,-0.369764682202
2000-08-08,-1.46658762174,0.283201107046,1.35927585652,-1.16201801745
2000-08-09,-1.72889649435,-1.50983787458,0.455961871101,0.499138907846
2000-08-10,0.368260000123,-0.0671366232841,-0.202310576005,-0.178316291415
2000-08-11,-0.0386195213968,0.0990368720786,-1.08980054092,-0.345747941188
2000-08-12,2.46312249013,1.94805456634,-0.411979855897,-0.383721449386
2000-08-13,0.883462941111,2.22270323249,-0.425837510545,-0.226922423533
2000-08-14,1.53206344791,2.49396192629,0.968993265273,-1.4136839538
2000-08-15,-0.401333006944,-3.62648218839,-1.38455815519,0.302936703355
2000-08-16,0.329193330144,1.48685907356,-1.2316246016,1.01670075694
2000-08-17,-1.98923061633,0.401166633886,-1.78361646666,1.40311182976
2000-08-18,1.1108795337,0.115107991789,-0.117827630414,-0.125087564125
2000-08-19,0.0911021079273,0.287757344522,-0.177695845909,-0.977408696294
2000-08-20,0.123330978154,0.249274606564,0.0267988927251,-0.62987993617
2000-08-21,-0.884576146203,1.25718236232,1.13654603126,1.3169834444
2000-08-22,0.164277139673,1.59060340512,0.627402261033,-1.16321265806
2000-08-23,0.66930440237,0.493401010063,-0.0745031279005,0.863982266472
2000-08-24,-1.04394175098,-0.74751534071,0.639066070718,-0.424778296082
2000-08-25,0.406680912038,-0.455643009014,1.36257483544,0.352427742124
2000-08-26,1.01636793415,0.310906718459,-0.0680956395555,0.202013861876
2000-08-27,0.548045901942,-0.329376745898,-3.43731528787,-1.66566258307
2000-08-28,0.501631075772,0.215261744674,-1.12208242068,0.209428496306
2000-08-29,-0.369190085851,-0.358515454559,0.286103688547,1.12733446851
2000-08-30,0.258135853825,1.18433769136,-1.06025745399,-0.204099309438
2000-08-31,0.0761264757053,-3.186075468,0.339550915244,-0.921292956656
2000-09-01,-1.63403176132,0.921184711981,2.04240690939,-0.79589516478
2000-09-02,1.71478953249,0.0667227274612,-1.03372178587,-1.13263938845
2000-09-03,-0.821656213296,0.664655135886,1.56054624247,-0.412821699204
2000-09-04,-0.307399784922,1.12888205645,-0.789299831943,-2.10268963916
2000-09-05,-0.0985306130234,-0.165368849346,-0.136978952164,0.88671879478
2000-09-06,-1.7568265464,0.78263184149,-0.412276493053,-0.264698130168
2000-09-07,-1.02881725687,0.809805587271,-0.31307896577,0.161661588782
2000-09-08,0.402090278739,-0.168804416966,-1.08148072564,0.529532333021
2000-09-09,-0.865115514856,0.00701683407595,-0.122473385941,0.2836648864
2000-09-10,-1.0759475702,2.42035395826,0.211783101573,-1.07928486242
2000-09-11,0.46271428056,1.18585614273,-0.178754585895,0.241955265783
2000-09-12,-0.39084570458,0.176836011357,-1.62509266074,1.696545662
2000-09-13,-0.777139214546,1.54938491243,-0.211895407463,0.00702834925057
2000-09-14,0.0924073761977,-1.14439558144,0.0158965358748,0.262822629896
2000-09-15,-0.844185912606,0.272860102616,0.280294537939,-1.38903695312
2000-09-16,-1.5441568981,-0.238840700757,-0.0831760735147,-1.41730914837
2000-09-17,2.0839459768,-0.152083801013,-0.677834749712,0.0250113080768
2000-09-18,0.317908025378,-2.08576645424,0.496844268851,-1.40022708176
2000-09-19,-1.14267002654,-0.101050711886,0.403632225001,1.68803142276
2000-09-20,0.301680973637,-0.132053665648,-0.818530202948,-0.782073810756
2000-09-21,0.693217816424,0.219657490479,-1.41776767248,-0.508389603862
2000-09-22,0.354747071664,0.376323277447,0.874893044552,-1.02443376917
2000-09-23,-1.30075798724,0.150716534759,1.43886294544,-0.218260763669
2000-09-24,0.37503888011,-0.272464006425,0.901868717333,1.35652575851
2000-09-25,0.382544543014,0.419093443973,-2.38778508987,-0.440338074038
2000-09-26,-0.671816033068,-0.410775059644,-0.255647792784,0.869253298026
2000-09-27,-0.153717234759,-0.0642187029073,1.08734496701,-0.409766232783
2000-09-28,-0.283677958671,1.30389821459,-0.46510569625,0.993657146378
2000-09-29,-0.263792895137,2.01130477247,0.545417218776,0.652887542886
2000-09-30,-0.475484216854,-0.85214397114,1.48965174828,-0.0112515575012
2000-10-01,0.157903430855,-0.287428340418,-0.941928373329,0.351899292336
2000-10-02,0.212765605496,-0.742285561602,-1.55343496227,-0.20786143477
2000-10-03,0.433669343511,-1.6377602289,-0.254894609425,0.880562909763
2000-10-04,0.129422694464,0.65589528843,-1.24200884053,-0.232476819334
2000-10-05,0.0952554128261,1.08120041089,-0.482511944254,-0.106586150824
2000-10-06,-1.83582266052,1.23383867767,-0.46976036669,0.624987574037
2000-10-07,-1.58217354248,0.0425842708147,0.235760533433,1.77238102444
2000-10-08,0.225578717032,-0.833503996239,-0.321683803438,0.130425376741
2000-10-09,-1.16800820249,0.446766080632,-0.125942967579,-0.342399250362
2000-10-10,-0.868757174749,-1.51975940213,0.0194490889333,-1.84173939792
2000-10-11,-0.209734705522,-0.256085914681,-0.172962988911,1.49136794121
2000-10-12,-1.05958227909,0.47915949223,0.0499974469373,0.511005837798
2000-10-13,-1.35131635351,0.310309414252,0.714531452899,0.119116088981
2000-10-14,0.685471915115,-0.449260140038,2.85049014806,0.582731383894
2000-10-15,1.15994404202,-0.33446348375,-0.940172128776,-1.45503127786
2000-10-16,0.556215872168,-1.37308958433,-0.172684255417,0.640164820899
2000-10-17,1.77722816022,1.22977734237,-0.389374928331,-0.825708654376
2000-10-18,0.1691810856,0.490023938261,0.227840513364,0.147636767544
2000-10-19,0.408341191349,1.57858869198,-1.05563136101,-0.200491076906
2000-10-20,1.42352978193,-1.20155565946,0.974375785382,-0.639106940112
2000-10-21,1.28702775992,-1.00354015446,1.02822163893,-1.47761964167
2000-10-22,-0.618123302461,0.163768791921,-0.788148022535,0.0580042739504
2000-10-23,0.719320511349,1.43357000205,-1.39910604146,-1.25247686343
2000-10-24,0.0755039839729,-1.29436980482,-1.06882340533,-1.14260437754
2000-10-25,2.06016079898,-0.0203949604749,0.238920337483,1.94392508922
2000-10-26,-0.0262903143255,1.43049342267,-0.388899743557,1.13244436656
2000-10-27,-1.3797099468,-0.125265543332,-0.907494958933,0.461527178775
2000-10-28,-1.02782098107,-0.886426967323,-1.28340522278,-0.801429323199
2000-10-29,-0.326580169466,-0.389391509074,1.31232179305,1.94921079738
2000-10-30,-1.31976070427,1.38201992001,-0.297586954089,-0.358052288297
2000-10-31,-1.33967935146,-1.82250326451,-0.359065587145,-0.519140282052
2000-11-01,1.38397502238,0.999046794894,1.26380836578,-0.551814966893
2000-11-02,0.478316511451,-0.251013883158,1.92248603255,-0.505314172575
2000-11-03,-0.815315413368,-0.458011270142,0.372173906464,-2.09551145867
2000-11-04,-0.579034605019,-0.906096918877,0.355407197549,1.12772704337
2000-11-05,1.15622147092,0.650525206875,-1.3609866357,0.513202466275
2000-11-06,-0.082824806244,-0.226292903582,-2.06018336929,0.0341309548499
2000-11-07,-0.468493966282,-0.290117679581,0.413402960504,0.805486735555
2000-11-08,0.552690307637,-1.39815301683,0.510423339695,-1.04067343674
2000-11-09,-2.78462931346,0.989311235869,-0.429870412147,-0.00766903859343
2000-11-10,0.352405509716,0.726973963885,0.0405269628674,-0.761078238252
2000-11-11,0.162580864105,0.353369355036,-1.1925075581,0.860931577922
2000-11-12,2.21464681627,-0.0891435719606,-0.827096077788,-0.104570379474
2000-11-13,-0.158667404055,0.152865020857,-0.162453818488,-0.100987541253
2000-11-14,-0.1629111209,-1.68301140817,2.44834822477,-0.514631783158
2000-11-15,-0.914999794164,-1.23976886156,1.03277559377,-0.579271911495
2000-11-16,-0.272430525509,-1.818627603,-0.76701784433,-2.50814544251
2000-11-17,1.33648670577,0.626423458834,-0.0393151805518,0.345455787812
2000-11-18,-0.555147574977,1.34609247843,-0.488937823026,0.218116328886
2000-11-19,0.958580888571,-0.0530958632909,0.257054198959,-1.22584688301
2000-11-20,1.20850923604,-1.43032105303,0.428426244058,0.828216673927
2000-11-21,-0.182507567167,1.78277697219,1.17249068141,0.531725525754
2000-11-22,0.451446191433,-1.10518895943,-1.06739859781,-1.1634084192
2000-11-23,0.0905878728874,-2.48747904378,0.973302278047,0.0835387257366
2000-11-24,-0.499374077215,0.970911839873,0.878915671812,0.342880583068
2000-11-25,0.0291455236617,0.0796811080898,0.439238893152,0.383257857554
2000-11-26,-0.737464376115,-2.5373872121,-0.223714132357,0.346910224444
2000-11-27,0.691285124191,1.12751764859,-0.797106834459,-0.24405620428
2000-11-28,-1.15429954402,0.392984518747,0.682684884672,0.681196499335
2000-11-29,-2.00877484671,-0.4921362565,-2.11165190975,-1.22556792826
2000-11-30,-0.751215437963,-1.61422323541,-1.39048141758,-0.397364432848
2000-12-01,0.291951939435,-1.26470300552,-0.949074855185,-1.02302377769
2000-12-02,0.773656443709,-0.636967360093,-0.266000081867,1.03974110631
2000-12-03,-0.156127378502,0.451486394436,-0.968416978647,-0.719656746914
2000-12-04,1.7558985783,0.862062519073,0.799469373079,1.44012475602
2000-12-05,-0.861620483812,0.715491068189,0.158165551223,0.459501751462
2000-12-06,2.1272445301,-0.692624169022,0.386694348477,-0.238276442625
2000-12-07,0.102452124591,1.28281033007,0.531187693117,-0.775848247071
2000-12-08,-1.11392928525,0.610123731929,0.0811033866921,0.176806834571
2000-12-09,-0.374594778772,0.980554404574,1.18754756925,-0.655122703453
2000-12-10,-1.37755492198,-0.596617932686,0.42614299895,-0.414217392917
2000-12-11,0.158815731661,-0.302008134781,1.15069063269,1.16466085001
2000-12-12,-1.9348093971,0.262753452198,-0.263150004551,0.171118095739
2000-12-13,-0.971545108718,0.607645621601,1.08910340143,1.06612871342
2000-12-14,0.271342084542,-0.770374892632,0.0436549932656,-1.4469588267
2000-12-15,0.487083103811,-0.327822348951,-0.270006988922,1.21682742391
2000-12-16,-1.23148976115,-2.42343437831,-1.51008402241,1.79280103163
2000-12-17,-0.0816722633441,0.295799469724,-1.26149378502,1.31737574692
2000-12-18,0.287269705406,-1.05039059372,-0.345060190395,0.138793299156
2000-12-19,1.01711608408,-1.71045843988,-0.366149487315,-0.913929109974
2000-12-20,-0.226177855315,0.961858869225,-0.340449832184,-0.154303701729
2000-12-21,-0.410872885887,2.27943885111,-0.882815657942,1.25236106935
2000-12-22,0.161317491391,-0.29267080718,-0.535525345247,0.417207882076
2000-12-23,-0.736497376293,0.0320820789438,-0.0220536036215,-0.501254265928
2000-12-24,0.238848666943,-0.45617927769,-0.346168350235,-1.1872067248
2000-12-25,-1.81444263205,1.19090019224,-0.92898411324,-0.191469814957
2000-12-26,0.426296530817,-1.73433456049,-0.426157809983,-2.49416387486
2000-12-27,1.65001517775,1.0345614932,-1.83024204527,-0.161045756273
2000-12-28,-1.40192688827,-1.65785673935,-1.15824414369,0.277911216468
2000-12-29,0.788281437993,-0.871440943751,0.000480416079766,-1.03219485139
2000-12-30,0.855326083003,0.330504681801,-1.13406350749,-0.35235610169
2000-12-31,0.659269040876,-0.134716636322,1.66562274484,-0.682442382754
2001-01-01,0.744838983917,-0.364040656881,-0.609158175015,0.355206788388
2001-01-02,1.24867882287,0.870388727175,0.0676293368882,-1.60437535023
2001-01-03,0.420996647417,-0.0607065214762,-0.179509658783,-1.17939250778
2001-01-04,0.137947038908,-0.665877698432,1.27847341674,-0.943832111003
2001-01-05,1.4748961483,0.685861185069,-0.611227955818,-0.821274348642
2001-01-06,0.830550252768,1.71206007616,0.656989367866,-1.20143193039
2001-01-07,0.0921399984324,-0.00401704360941,0.236005930396,-0.641054790887
2001-01-08,0.585572360017,1.51518553478,2.03434577318,0.985158532561
2001-01-09,-0.429069273988,0.638765203454,0.531055875495,0.313840774168
2001-01-10,-0.394851735158,-0.405001312938,2.04670330143,1.88146663686
2001-01-11,-0.282583780425,0.101930059874,0.783952306827,0.991668494575
2001-01-12,-1.11783488474,-0.791775424741,-0.0725933727122,0.0189166437059
2001-01-13,1.58792301631,-0.0206329801949,1.851478667,1.94010941671
2001-01-14,-0.486358270092,-0.113211704289,-0.03177053088,-1.65813078177
2001-01-15,-1.6715311661,-0.389844571232,2.21940096278,-0.327964790509
2001-01-16,-1.99015739678,0.325182432092,-1.338924793,0.0757653244798
2001-01-17,0.975115419329,-1.36763815517,-0.0430013015567,0.297315847377
2001-01-18,0.643999407512,-0.293207701653,1.67306469882,0.374423632396
2001-01-19,0.578765819375,-1.08975975139,-0.0417893989508,1.36816022856
2001-01-20,0.0208018849557,1.19028188126,0.24218498065,-0.747173214399
2001-01-21,0.0823336709437,0.23015062679,-0.831454282255,1.44183382939
2001-01-22,1.19385274923,-0.25125059526,0.0424302764863,-1.54582152053
2001-01-23,-1.42022189713,-0.906935011373,0.837331064029,-1.72759696944
2001-01-24,1.92068876551,1.29968386759,-0.698572870989,-1.77348414634
2001-01-25,-0.357977153078,0.403311417703,2.13122244352,-0.356442593822
2001-01-26,-0.841054593424,-3.08956608269,-1.13945316978,-0.343283786476
2001-01-27,-0.509779617249,0.726662928295,0.0704397997554,-1.21425050115
2001-01-28,0.256998348706,0.353703278821,1.26010158189,-0.441704672441
2001-01-29,-1.104132129,-1.05792753969,0.789165431857,-1.48979607416
2001-01-30,-0.319296983252,-0.476095193834,1.625630579,-0.692674574503
2001-01-31,0.237743100326,0.250543597787,0.64345624569,-0.829501485646
2001-02-01,1.12526518855,0.00363016795785,-1.73152338611,0.766552782698
2001-02-02,-0.257739117717,-0.63880228603,-1.6457298438,1.67987894183
2001-02-03,-0.232116862646,0.586117502521,2.21222801648,-1.51887235986
2001-02-04,-0.13236803898,-0.444806218638,0.0215552231588,1.39548263849
2001-02-05,2.59533454394,0.18011263899,0.509448784112,0.0655483152862
2001-02-06,1.03639135706,0.7274654532,-2.94682901042,0.470789183114
2001-02-07,-0.186452087782,-1.24083911688,0.0576183083939,0.579763908915
2001-02-08,-0.951900972448,-1.07137524477,-0.0864709790858,0.457721158328
2001-02-09,0.444666578929,-1.70684495352,-0.891399806054,0.0172439393217
2001-02-10,2.05509853655,0.679704152561,-0.601055871051,-0.22600118341
2001-02-11,0.542986314307,0.518346566697,0.250076965229,-1.3100100744
2001-02-12,-0.811511739743,-0.259269184609,-1.01844752446,2.31131056685
2001-02-13,0.701141842922,-1.30813533517,0.0822703701063,-1.54013254164
2001-02-14,0.532731406171,0.526960157052,-0.271264429833,-0.178654689377
2001-02-15,-1.8747752639,0.853587440591,-2.50799799239,-0.556047192476
2001-02-16,-1.14759982381,0.994265958457,0.014343536262,0.411881549486
2001-02-17,-2.17086305941,0.494375463382,-0.510701096179,-0.691150788327
2001-02-18,-1.39143393877,0.114097704235,-1.90919633493,0.0715066642992
2001-02-19,-0.532512121045,1.33329321,-0.439724574491,-0.0813283181176
2001-02-20,0.0129650519838,-1.13864328152,-2.06029552621,-0.93329512798
2001-02-21,0.39222202445,-0.397824748408,1.84412135356,0.572385981922
2001-02-22,0.203696850493,1.2444220861,-1.11211014208,-0.703547274969
2001-02-23,-1.36142722433,0.450718735594,-1.12091620829,0.579887873452
2001-02-24,-0.723752613125,-1.49644127636,-0.0863837329096,-0.862921108032
2001-02-25,-3.23165501948,-1.41142523748,0.552621716319,1.95936724306
2001-02-26,1.13226872017,-0.0304380141253,-1.51251582227,-0.0655119913653
2001-02-27,2.23595213733,1.05211699472,-0.149649399664,-0.749909893312
2001-02-28,1.2691963346,-0.357936113431,1.78366778838,-1.11477692076
2001-03-01,-0.231090874592,0.369039458861,2.225110802,-0.105890014229
2001-03-02,-0.808913047021,-0.774233573042,0.0174323423987,0.293313118751
2001-03-03,-0.0678864007431,0.611469621947,0.0785792967041,-0.381656321554
2001-03-04,-0.0438788208562,1.10569854367,-1.0432287836,-0.170630686368
2001-03-05,0.272915427695,-0.982101724943,-0.253845898178,-0.441623943228
2001-03-06,0.797308833103,1.15424007386,0.45511583961,-0.0729412516492
2001-03-07,-0.916475092717,-0.061823890376,-0.749621249925,-0.218818521022
2001-03-08,0.603420923935,0.254330460829,-1.93148131684,0.398799007068
2001-03-09,-0.758296615083,0.96201422147,1.67762182566,-0.680950244535
2001-03-10,0.793438019752,0.679329442323,-0.0451045864172,0.450319702635
2001-03-11,0.0496764800268,-0.509439647665,0.676115307674,-0.470800518842
2001-03-12,0.450170515419,0.50233506436,1.84238254258,1.60050993027
2001-03-13,-0.600144772976,-1.1749848412,-1.41657784718,-0.317828927969
2001-03-14,-0.687972187295,-1.0357660532,-0.0480251393229,0.465101117284
2001-03-15,-1.05169510145,0.7287087072,-0.651658503493,-0.417561587991
2001-03-16,1.69748597762,0.489856178875,2.26565559797,-0.297660209024
2001-03-17,-0.776588674046,-0.0457873941423,-0.787852220487,-0.0416031485224
2001-03-18,-1.08355619703,-1.41399376,0.792610170621,1.67679948845
2001-03-19,1.90411720262,-0.156132914559,-2.10105773655,0.861594085834
2001-03-20,-2.41905356431,-1.68220763969,-0.46998316395,-0.047709867655
2001-03-21,0.582163260919,0.116556361182,-1.17673486953,0.00249874458003
2001-03-22,0.927970400307,0.280890906471,0.696606470648,-0.292996366576
2001-03-23,-1.42829745518,0.20235436302,-2.42521272839,0.350488875219
2001-03-24,0.0394888148013,0.730911787985,0.604910077884,-0.417728491963
2001-03-25,0.209582720912,-0.690705154532,2.55657935894,0.829617751428
2001-03-26,2.04651200191,0.982066106971,1.06828952409,-0.316551055095
2001-03-27,-2.31268096233,-0.508678242875,0.293481043396,0.217889306595
2001-03-28,-0.988108913696,1.26859150477,-0.169305386835,-0.214206315644
2001-03-29,-1.03211119608,0.331849924543,1.64503698139,-1.41923813927
2001-03-30,0.830782892444,-0.223417807818,-1.98265343783,-0.82112917612
2001-03-31,1.771182641,0.035244347407,1.72923166212,-0.715522906976
2001-04-01,-0.335664779417,-0.350231707754,-0.650581175793,-1.56019367931
2001-04-02,0.187689101538,-0.0813999059944,-0.181855721442,-0.349604628097
2001-04-03,-0.846950307178,-0.934115156729,0.475242147926,1.29735436502
2001-04-04,0.0524744087999,0.0777704716091,0.410619417854,-1.56873194761
2001-04-05,0.591424555433,0.383378552811,1.27011610465,1.78601771722
2001-04-06,0.446033383923,-0.916884117733,-1.49376553851,-0.67423447868
2001-04-07,0.562875397566,-0.274204016878,0.736390032499,0.0401065701966
2001-04-08,0.0443771987289,0.00166484764824,-1.37115690233,1.2714151014
2001-04-09,-0.385719055695,-0.80471915381,-1.5009592038,1.62225708944
2001-04-10,1.91419946488,2.00200533763,-0.27342067948,1.02412133364
2001-04-11,0.110230478416,0.723312271801,0.405513559446,0.47320000928
2001-04-12,0.318275209901,0.103785209603,1.77885548044,-0.847844970364
2001-04-13,1.08599745019,-0.333076655478,0.442233802517,0.24580921519
2001-04-14,-0.233327618364,0.282527843362,1.34285420966,1.02909813632
2001-04-15,-0.753556497028,-0.185624439116,-2.48146157318,-0.857724564912
2001-04-16,-0.200006314094,-0.728962174438,1.38305289732,-0.0229106691912
2001-04-17,-1.35599545264,1.48159182354,0.827044426029,-0.228793034418
2001-04-18,-1.30969559969,1.19867815138,-0.150833366679,0.67928649516
2001-04-19,-1.1888773939,0.827343539366,-0.182881213168,-0.0649456594678
2001-04-20,-0.272100487343,-1.07490531171,-0.477117959669,-0.985244038068
2001-04-21,-0.0638470836514,0.320744473489,-0.651254010897,-0.893420365569
2001-04-22,1.14282395459,0.72991895634,0.574790417376,-0.959095010235
2001-04-23,-1.11677460158,-0.332144030439,-0.929871600013,1.17066893076
2001-04-24,0.613050165733,0.578903906495,-1.11330754739,0.261182376941
2001-04-25,-0.335630061391,0.821270079088,0.900724700814,0.188393788431
2001-04-26,-0.535109118162,0.684499792096,-0.155434458297,-1.09830793421
2001-04-27,-0.361956478436,0.688130033241,1.28438008131,-1.30655273409
2001-04-28,-0.15187946108,-0.874579551764,-1.34204876008,0.33518216569
2001-04-29,-0.0824108506457,-0.26614272672,-1.00505973855,0.490864972885
2001-04-30,1.79843263078,1.75894538406,0.781173490292,0.838534448561
2001-05-01,1.44766769632,0.566605213792,-0.427493516162,-0.469850548823
2001-05-02,-0.740639721171,-0.786705396449,0.0935626947021,0.78887606766
2001-05-03,0.251371852389,0.372795488666,-0.541348182143,0.0405483610636
2001-05-04,2.68063610237,-0.382511443932,0.677721960795,1.22504715498
2001-05-05,-1.32231709057,-0.350131331678,0.653530316348,0.207307854605
2001-05-06,-0.544164418632,-0.606133308942,0.32190603698,0.347933775995
2001-05-07,-0.197089659179,0.0901874282379,0.00101599239105,-0.192706257232
2001-05-08,-1.41697323186,-1.12052278846,0.877021970263,-0.468980847004
2001-05-09,1.3377342297,-0.0400242330783,-0.270471063803,1.72576569476
2001-05-10,-0.745819415044,0.799275023669,-0.00211138463305,-0.565198303315
2001-05-11,-0.223969397808,1.79482676609,-0.0465836948201,2.11201791588
2001-05-12,0.352227528953,1.19906788297,0.860535002027,0.485394301891
2001-05-13,-0.0967070148896,-0.888885910255,1.38943174883,0.782652021408
2001-05-14,-1.35278807077,0.416335761525,-1.62772361573,0.890922801363
2001-05-15,-0.624370450196,0.779502962142,0.381453823824,-0.921499094446
2001-05-16,0.310020234851,-0.382567386154,0.349538189087,0.475731008607
2001-05-17,-0.0443930265256,1.11583993977,1.07141452802,-0.177643640183
2001-05-18,0.301649056955,0.197391680539,1.49019352775,0.605842135734
2001-05-19,-0.126040598912,0.601724413459,-0.975133939911,0.505881440918
2001-05-20,1.8911585621,0.25337316663,-0.0488547010417,-0.0406501865986
2001-05-21,1.65806474582,-0.140406967728,-0.0991121587811,0.757986692182
2001-05-22,-1.84425268166,0.944628890515,-0.272195746565,0.423091808656
2001-05-23,1.61961007853,2.04538556441,0.167250180358,-0.670157256566
2001-05-24,0.82528082569,-0.741726299345,0.985912759244,-0.607904307482
2001-05-25,1.64209211387,-0.541416493817,2.46900670271,-0.723422849594
2001-05-26,-0.0719642066809,-1.47752495113,0.754368633386,1.25654131087
2001-05-27,-0.0217416575123,-0.504006061514,0.0448593756419,1.51837557401
2001-05-28,-0.575030386676,1.11358822406,3.21171460448,-0.734652571025
2001-05-29,1.07092478154,1.68919617753,-0.579499029298,0.660724490682
2001-05-30,0.155461485515,1.75971898007,0.526136492857,-0.863998716106
2001-05-31,0.960734923476,1.500013039,0.159346225761,0.531120021046
2001-06-01,-1.75046587823,-1.03977993311,0.680531029268,-0.143482983696
2001-06-02,0.96265886039,0.651121290507,-0.487376416709,1.52851111604
2001-06-03,-0.241230109199,0.17419258305,-0.555709419992,-1.28815239875
2001-06-04,1.2120220217,-1.48517048916,0.106052561544,-1.92339083196
2001-06-05,-1.42059689555,-1.89180010944,0.177390113128,1.42356019683
2001-06-06,-0.830627961554,-0.35275638386,0.315368831255,-0.0771853831144
2001-06-07,1.14379492416,-0.594061114572,-0.233127709029,1.19029303375
2001-06-08,1.26274516623,-0.510186313178,-0.891318756153,-0.865454148033
2001-06-09,1.45406726698,-1.38189702621,-0.408328370537,-1.61372230122
2001-06-10,-0.122972083921,-0.542758434575,-0.778396121984,-2.44094114228
2001-06-11,1.22873090416,0.85248487943,-0.362773941596,-0.581220033216
2001-06-12,-0.174758784351,2.39916502837,2.12935327402,-0.372558966729
2001-06-13,0.866544307246,0.81749273428,-2.42395063906,2.02092792482
2001-06-14,1.61713837577,-0.587591059396,-0.270637216201,1.20459951445
2001-06-15,0.62167785787,0.139100708014,0.287677299196,-0.236310548148
2001-06-16,-1.03833896212,-1.4534911333,-0.468203154067,-0.806342256969
2001-06-17,0.0423578769844,0.244002035674,-0.964559282177,0.779936070527
2001-06-18,0.37068008745,-0.783169569806,1.12849561623,0.686466410268
2001-06-19,-0.42815803619,-0.591699461438,0.527082604969,-1.62604166845
2001-06-20,-0.501875037672,-2.16041808266,1.91631422913,-1.46445799815
2001-06-21,-0.507546912757,-0.588540029594,1.47975849286,-0.942032660339
2001-06-22,1.54939175553,0.0249164451061,0.573505759758,-1.27885971599
2001-06-23,-0.324038391796,1.39275802877,0.829380469344,-0.0158909330793
2001-06-24,-0.944368347939,-0.257914567243,-0.449703782713,0.462556768344
2001-06-25,0.896813793228,1.44784802573,-1.15289272205,0.898735559753
2001-06-26,0.559594259466,-1.27044347108,-0.0681189422114,-0.663026532519
2001-06-27,-0.280270417293,0.566667396818,-0.793554592196,0.173093114727
2001-06-28,2.60653576129,-1.15293241978,-0.285704744179,0.298229768453
2001-06-29,0.47325029468,1.89643438042,0.937962869474,-0.510870738758
2001-06-30,0.745565584175,-1.24099572528,-0.474083741612,0.357056334271
2001-07-01,0.148334283664,1.3531472403,0.444901981769,-1.77465244041
2001-07-02,-0.675846719242,1.10131848757,0.11370152547,-0.0267301524174
2001-07-03,0.100334795843,0.597438373533,-0.726444392292,0.877770641778
2001-07-04,-0.756198326922,-0.668197860061,-0.823958582803,0.391171908298
2001-07-05,1.34699226992,0.727870489319,1.11744297365,2.08354756404
2001-07-06,-0.00642610444504,0.978385258975,-1.387954897,-0.0148800660429
2001-07-07,0.120297928963,-0.537648448276,-1.5818662508,0.163271691198
2001-07-08,-1.68815710294,-2.47172141952,0.888376176433,1.3105489576
2001-07-09,-0.0791294137246,0.586323418685,1.12412750913,0.11405225039
2001-07-10,0.638979002087,1.63623477976,-0.433960720948,0.298146209148
2001-07-11,0.444870050639,0.111164887853,1.10637760109,-0.301740079182
2001-07-12,1.38820068087,-0.297277938321,0.151690834821,-0.493400825835
2001-07-13,-1.20345102482,-0.972078409842,0.973887405504,-0.0261487026566
2001-07-14,0.747612704607,-0.282315412646,1.01086134808,0.923427956642
2001-07-15,-1.3395750454,2.13216615286,-1.51495833714,-0.336503048309
2001-07-16,-0.412991271116,-0.266557163867,-0.233854655327,-0.48225517455
2001-07-17,2.8847927556,0.314449671708,0.309353160064,-1.09454482552
2001-07-18,-0.46946482333,1.97328917839,-0.842412160927,-0.744387321563
2001-07-19,1.26705611494,-0.841311570007,-1.33319511958,2.92719407852
2001-07-20,-0.648373817209,0.202452049355,-0.231942682682,-1.23782093054
2001-07-21,1.65999489391,1.49925540189,1.60942598283,0.89350201534
2001-07-22,0.271358911777,-0.155663081922,-0.0298620716714,0.422193229344
2001-07-23,-0.474562746641,0.845121110554,-1.36886142704,1.96584124851
2001-07-24,0.482311166015,0.639149947579,-0.513812061666,1.9245176235
2001-07-25,0.490153765021,1.48398177843,0.727465892276,-0.623377951874
2001-07-26,0.042750904065,1.60598676843,0.153335685946,0.878648077877
2001-07-27,-0.805674745314,0.918056510111,-0.514338479552,0.0500596358325
2001-07-28,1.46226144339,-0.951690493268,-1.32691338299,-1.48024865341
2001-07-29,-0.726091358936,1.03004568208,-0.410762923533,1.78131715786
2001-07-30,-0.302165826456,1.74663437853,0.716793265053,-1.28620630595
2001-07-31,0.571781981694,0.586429205149,-0.129250084538,-0.31320879792
2001-08-01,-0.0104414725723,-0.358187450364,0.121413659303,-0.717657546955
2001-08-02,-0.264713081214,-0.00560312148152,-1.30019948743,1.05967298739
2001-08-03,-0.035751735387,1.10246594142,-0.829762413247,-1.38554028787
2001-08-04,-1.30081625378,0.0396217378753,0.752797901499,-0.890150376905
2001-08-05,-0.385665719126,-1.04496476752,-0.339317455659,-0.186760269055
2001-08-06,1.20263361748,-0.798504852913,-0.285212385862,1.00206690903
2001-08-07,0.0376448260455,-0.678976612041,-0.851773723073,-0.11501614828
2001-08-08,-0.790041859656,0.789625028695,-0.428782579158,1.56248183577
2001-08-09,-0.941852821927,-0.111507662228,-0.322169385269,-1.52818964848
2001-08-10,-0.230482315402,0.672231473516,0.158736950223,-0.221758756405
2001-08-11,1.90902878881,1.30791651012,-1.37036759592,1.69534937279
2001-08-12,0.403717874596,2.32457202879,-1.13577746077,1.02243862494
2001-08-13,0.174334353093,-0.129995162619,0.571727380174,-1.30408638064
2001-08-14,-0.491814277512,-0.508541702476,-2.52280429027,0.763074278853
2001-08-15,1.54793585172,-0.571897871485,0.647451236222,-2.60615352294
2001-08-16,-0.470930495688,-0.625654719442,1.18534466131,-0.324036363535
2001-08-17,-0.315339576279,0.960353662053,0.686751350895,-1.35116932233
2001-08-18,-0.104986727301,-0.218167198195,0.931542698572,0.95702959596
2001-08-19,-0.107472610267,0.103173882531,-0.825941134655,-0.0187424984809
2001-08-20,-0.0397043227951,0.519291675186,-0.130052319046,0.289178124297
2001-08-21,-0.0361626078281,0.885199173726,1.59191430429,1.7500469667
2001-08-22,0.0777581898513,-0.547062909378,-0.339121609183,-0.81091616279
2001-08-23,-0.971668511728,0.202560080099,0.14597944518,1.04412134436
2001-08-24,1.66810440964,-0.988598261917,1.81294960466,0.759962835177
2001-08-25,-0.744689606022,0.751650147921,1.88206908875,0.977036790553
2001-08-26,0.990241319448,0.655505382095,2.25189737074,1.54048508458
2001-08-27,0.509896144336,1.01444166328,-1.64946069624,1.60998928406
2001-08-28,-1.34070928598,-1.46323924754,1.46395547531,1.15570525377
2001-08-29,0.582090608396,0.795792829852,-1.55539263927,-0.740624474443
2001-08-30,1.01866681592,-0.911690498613,1.08441413754,-0.259510668694
2001-08-31,-0.24993161431,0.872212765123,-1.01209227682,-0.70931349521
2001-09-01,-0.369065868902,-0.294729955789,0.122069855907,1.32978882138
2001-09-02,0.928665838436,-0.0984392703523,-1.18687660117,-1.54078428943
2001-09-03,0.90186192319,-2.56123033515,-0.59370632988,-0.026560220834
2001-09-04,1.41428055915,0.0247454374833,2.14726734692,0.709986445163
2001-09-05,-0.201227501868,-0.727694528719,0.746340049945,-0.0427437936405
2001-09-06,1.11498504107,1.82393268491,0.58140474695,-0.258404848757
2001-09-07,0.499046929194,2.92604516995,1.23775080855,-1.13512413929
2001-09-08,0.507141993522,0.621103189248,1.12953702385,-0.378188719331
2001-09-09,0.536533661825,-0.0290333022223,0.0817593648577,0.71865891942
2001-09-10,0.975706362077,-0.0705869529292,-0.50026327266,0.556266977025
2001-09-11,-0.318966907969,0.49604429864,0.256222675112,1.2496522341
2001-09-12,0.709511519205,-0.30261561467,2.17169035174,-1.30576723704
2001-09-13,0.352641020241,0.48985729212,-0.637503739881,0.410183804307
2001-09-14,-0.732724995845,2.58423272182,-1.05800198491,-0.34448089748
2001-09-15,0.0294206198242,-1.52895287806,0.590284761733,-0.62892685732
2001-09-16,-1.29325176983,1.40463652539,0.390839105591,-0.868524938114
2001-09-17,0.790209134463,0.284604957115,-1.66643775029,0.603285866255
2001-09-18,-0.39771718173,-2.6659903086,0.471073196331,-0.845505352327
2001-09-19,2.34494309795,0.435016945672,0.509036821021,-0.503749462726
2001-09-20,0.619978129654,1.53587191557,-0.607773885036,0.0584470791155
2001-09-21,1.43607825991,-1.13611467584,0.352347058762,0.159077984229
2001-09-22,0.639656303683,-0.115301165856,-0.0766265358303,-0.377803463202
2001-09-23,-0.714819071668,0.37209449206,-1.48909422287,0.3561486997
2001-09-24,0.106403633102,1.30250615132,-1.14861788161,0.991779882762
2001-09-25,-0.701289784593,-0.979120209579,1.54351802302,1.09611097821
2001-09-26,2.51303217207,-0.0564784568937,-1.07333854554,-0.640660062755
2001-09-27,0.0120189374968,-0.776614101268,0.296601405808,0.435913961355
2001-09-28,-1.93355314757,0.644684112378,-0.0639857134622,-0.697173584862
2001-09-29,0.324246512936,-1.30937552661,0.390227333461,-0.185854462987
2001-09-30,0.770534623336,1.03273742254,0.404229422599,-0.591522349805
2001-10-01,0.686757540547,1.06445275517,1.78013659958,0.441813439757
2001-10-02,0.0754565985297,0.581618658503,-0.262228898823,-2.28771579985
2001-10-03,-0.458347204976,-0.101460366261,-0.798305486911,0.462641225575
2001-10-04,1.81455273278,-0.984623547873,-0.260860614002,-1.4435265317
2001-10-05,-2.58144940411,1.50896931189,-0.783397788959,0.478951007286
2001-10-06,0.112967608227,-0.275803780728,1.81095825531,1.76934071358
2001-10-07,1.3257289211,1.17466877114,-1.72224815859,-0.496639387199
2001-10-08,0.701224210008,-0.0465512556299,-0.548640482476,0.511102412651
2001-10-09,0.880284444049,0.555708236753,0.0118929637292,-0.338166116402
2001-10-10,0.699827386187,-0.235893499895,1.86533144615,-0.480596272444
2001-10-11,0.472197942755,-0.823019831927,0.268782418933,1.07251259638
2001-10-12,1.76100001963,-1.09107297087,0.461207569604,-0.730338985105
2001-10-13,0.527902157836,1.06066120148,-1.11411424028,-0.867212866282
2001-10-14,1.20432688566,0.0910345038071,-1.27756256688,-0.379308321403
2001-10-15,0.359759740958,-0.580330551547,1.19870459705,0.0930945083915
2001-10-16,-0.675946246543,0.538077986798,0.0913918904337,-0.16830594599
2001-10-17,0.0154935598285,-0.553448964972,0.541582521815,1.14450418741
2001-10-18,-0.378824686416,0.626923703851,0.255760253235,-0.165367977243
2001-10-19,-1.44456467702,-0.856095850043,-0.0205767456625,-0.582719178556
2001-10-20,-0.311491062458,0.830389883014,-1.20622067164,-0.71015556335
2001-10-21,-0.568882798984,0.85789360765,0.387605135772,-0.311260450962
2001-10-22,1.81557034804,-1.55551773647,0.109335513802,-0.633313917624
2001-10-23,-0.912458992078,-0.0326298633311,0.102370212354,1.14787827782
2001-10-24,-1.54583678959,-0.303464131377,-0.943674295742,-0.407421823583
2001-10-25,0.337445284556,-0.507376978438,1.16659780631,-0.742954595824
2001-10-26,0.942401109052,-0.00412939166823,1.36599213073,-1.11096765331
2001-10-27,1.11347445964,1.1580898996,-1.35061839762,-1.57506898168
2001-10-28,-0.457145455171,2.48316658823,0.703599121166,1.99047793036
2001-10-29,-0.238004077448,2.08593078635,-0.757472773965,-0.300639755288
2001-10-30,0.00172534768847,0.786292281194,-0.3615226338,-0.379682140296
2001-10-31,-0.0415891290927,0.610544020792,1.95315747859,2.77466225468
2001-11-01,-1.36999223314,0.0723125266925,-0.438212525916,-1.19426801958
2001-11-02,-0.988302275136,-0.118050972187,-0.212507907521,0.313257520475
2001-11-03,-1.4649472432,-0.582363026092,2.60092997863,1.05462201076
2001-11-04,-1.30828106355,-0.351833103614,-0.0709917893701,-0.0887419138931
2001-11-05,0.191359310036,1.45006517641,-0.159404436403,0.959436674248
2001-11-06,1.27328428595,-0.228697139816,1.13242603585,-0.424570529059
2001-11-07,0.0673765117345,0.745600127386,-0.0936664901802,-1.94247222926
2001-11-08,0.4863573125,0.2623913511,-1.34562904066,-0.401626718452
2001-11-09,0.49802198999,0.624843265489,-1.37767612288,0.0437181061078
2001-11-10,-0.732470009839,-0.660947087486,0.058913499943,-0.105600454259
2001-11-11,-0.873978940353,-0.319384323258,-0.50170047542,-0.883205279819
2001-11-12,-1.77677864604,0.226324176834,0.97695669756,0.648760239773
2001-11-13,0.728540669429,-1.17281715872,1.25838268985,0.0561373987857
2001-11-14,-0.176624420673,0.0990085968359,0.490509067877,0.549167712403
2001-11-15,1.09573515583,-0.278417738804,0.614982716599,0.544577892031
2001-11-16,-0.820768670017,-1.2504843883,-0.512839952349,0.54961653207
2001-11-17,-0.581641413356,1.17128574577,1.29296638194,-1.29146412287
2001-11-18,-0.0397325316998,1.05029037072,-0.121799945659,-0.294775841692
2001-11-19,1.8968757936,0.447698037528,1.13061568922,0.259251498746
2001-11-20,-0.617729473877,-0.564272562104,0.979433985026,0.624728911242
2001-11-21,-1.0704626193,-0.121567154962,0.831802307228,-0.588749761718
2001-11-22,0.162479390628,-0.291615747261,-0.791992891083,0.280437317329
2001-11-23,-1.24190594877,-1.17757153482,0.628943803475,-1.29941258403
2001-11-24,-0.140520054307,-1.83893796108,-2.00314728879,-0.621779279378
2001-11-25,-1.63961069345,-1.5328997209,-2.19072677037,0.332042718511
2001-11-26,0.94573956692,0.67347455088,0.151113331364,2.34392254969
2001-11-27,1.24977996509,0.372169474215,0.265791168972,-0.0183085818032
2001-11-28,0.1768655745,-0.972621739119,0.131198140915,-1.06008766305
2001-11-29,-0.710209582267,-0.504961072647,0.100705964474,-1.07094246052
2001-11-30,-0.016350415472,-1.2855878723,-1.34990660288,-1.07386752159
2001-12-01,0.308494766131,0.282509155703,1.88604558355,-0.862550042782
2001-12-02,-1.30766029301,0.97013891802,1.45176764469,-1.37873752332
2001-12-03,0.270378670876,-0.106867922029,-1.20652877503,-1.18962438791
2001-12-04,0.902636116144,-0.948220800512,0.194981818768,-1.14599424476
2001-12-05,0.398809950098,-1.80304290371,0.0417306426585,-0.182092923032
2001-12-06,1.02823043829,-2.16739840159,0.236891141051,1.04258328416
2001-12-07,0.235600112391,1.58723752657,-0.333875711365,-0.60921223795
2001-12-08,1.61532939066,0.656023672957,-0.481176013198,0.738001877254
2001-12-09,1.4020198906,-0.128690082094,-1.07520348271,-1.32373948989
2001-12-10,-1.27679413122,-0.827930839497,0.674727074213,-0.411283605859
2001-12-11,1.9448094441,-1.22391623465,0.0213490772013,-1.60727138527
2001-12-12,0.214894283568,-0.75123156995,0.0250887971834,0.24991887348
2001-12-13,-1.16620620106,-0.358579001124,-1.20380080152,-0.920923762365
2001-12-14,-0.32458122159,1.12081083624,1.52780376695,0.0714357224649
2001-12-15,0.931092582466,-1.51574799538,-0.750702824519,-0.137035427257
2001-12-16,-1.13168269088,0.260640990256,1.00012124759,-0.314821932884
2001-12-17,0.724982197675,0.367321285538,1.47737951859,0.501461497981
2001-12-18,-1.50733971548,0.741158408597,1.26970827337,-0.407938686879
2001-12-19,0.545400192797,0.346069075593,-0.158348148762,-1.41784282833
2001-12-20,0.81657368688,0.977208277813,-1.27030942763,-0.883206103373
2001-12-21,1.05154948666,-1.00492396481,-1.61488501278,1.17709820953
2001-12-22,-1.56403331319,0.135318723504,-0.780371903641,-1.37738366757
2001-12-23,1.54804497395,-0.960202230818,-0.872105046613,-0.117755799904
2001-12-24,-1.61603158917,0.00102344930708,-0.0322398639589,0.705306503848
2001-12-25,0.627235636093,-0.211298182033,-0.903540951944,0.47216244409
2001-12-26,0.317057091002,2.16186531401,-0.585011615915,-0.498932839886
2001-12-27,0.882763627554,-0.0870862856973,-1.27080875048,-1.86452619133
2001-12-28,-0.180765396768,-1.38730944263,-0.95541762064,-0.995017888054
2001-12-29,0.898406552268,-0.175668271489,-0.570231541749,0.652614511436
2001-12-30,1.39630214741,1.27458743605,0.819924797486,0.691498860898
2001-12-31,-0.738509201591,0.351470609648,-2.4028304918,-0.961240394271
2002-01-01,1.36208197547,0.238361158664,-2.133788006,-1.37851830097
2002-01-02,-0.276340792466,1.32059384626,-1.02340534564,-0.615616280633
2002-01-03,-1.01419669032,-0.258586589505,1.15654740502,-0.0198791896188
2002-01-04,-0.271540854237,-0.0870003925206,-0.124237612869,-1.61716289317
2002-01-05,1.236145165,0.625385009602,0.281558274386,0.542748873371
2002-01-06,0.938849289181,0.702673274768,0.33654431328,1.47123896443
2002-01-07,1.61386098271,-1.76400286445,-0.31727076725,-0.712220024862
2002-01-08,0.52590162972,-1.13732634366,-0.564301210356,1.60909705307
2002-01-09,-0.36369230214,-1.18050929075,-0.225054600012,-1.65477003409
2002-01-10,0.398303845017,0.307986257115,-2.30761955144,0.947702575219
2002-01-11,0.256986738165,1.04901839705,1.5966150205,0.292196687638
2002-01-12,1.41774803308,1.28229659193,-1.51598512607,-0.249935283816
2002-01-13,1.18964079972,-0.11545520058,0.798950500188,2.52479489506
2002-01-14,1.98739722305,-1.80571725648,0.455552488375,1.04397704504
2002-01-15,-1.53396021516,2.38007556911,-0.677673158083,-0.868598782564
2002-01-16,-1.7956410828,0.562817525528,-0.058119177236,0.291548045082
2002-01-17,-0.252405950357,0.941853622194,1.58405778557,1.19722273618
2002-01-18,-1.31061530678,1.51324335663,0.104237384096,-0.782963007679
2002-01-19,-1.809185845,0.939977940416,-0.33748838025,-0.268053088618
2002-01-20,-0.725086362291,-0.383989574343,-1.62498395416,-0.673639216323
2002-01-21,1.09626748629,-0.692895902354,-0.797593302528,-1.05292488776
2002-01-22,-1.55542990009,0.678626580203,-0.616510620967,-0.0959336164442
2002-01-23,-1.60323055072,-1.34194709484,2.56712766836,-0.309580088357
2002-01-24,0.66260524384,1.08243563086,0.382840557612,1.87161002947
2002-01-25,-0.51928651629,1.87337173829,-2.13413569141,-2.01099666505
2002-01-26,-0.0280826637573,-2.37906171301,-0.632402133055,0.0581536729785
2002-01-27,0.329209904166,0.345632003757,-0.791241262728,0.13123216002
2002-01-28,1.93933277383,0.805292824253,1.20773429228,2.16294917273
2002-01-29,-0.255510450729,-0.0960422848368,0.42819133059,-0.533022952216
2002-01-30,-0.3683891348,-2.1231771749,1.59889702105,0.310716340258
2002-01-31,-0.384902534647,-0.373784792314,-0.692559265994,-0.048394906062
2002-02-01,0.0453720187151,-1.2176576653,-0.0377730569242,0.45527614233
2002-02-02,-0.898837468133,-0.512333853017,-0.632845848144,1.94702422807
2002-02-03,-1.58665138566,-1.67394544842,-0.253568899556,0.184079971681
2002-02-04,0.628920342997,0.273710813864,0.919227115486,1.21182484485
2002-02-05,1.34433900313,-1.38310612717,-0.0885428430883,0.374493959601
2002-02-06,-0.896611528925,-1.02525487419,-0.726995812576,-0.309175513883
2002-02-07,-0.910618619881,-2.93582645235,-0.502769879048,0.960077583317
2002-02-08,-2.08720507086,1.85870414194,-0.362124796081,-1.33241575884
2002-02-09,1.73291656821,-0.419644702178,1.94839860618,-0.259675378275
2002-02-10,0.228238808804,-1.16360486735,-0.331430899909,-1.12624415629
2002-02-11,0.641520848475,2.21813189049,-0.788212731321,0.257254151984
2002-02-12,-0.39766278367,0.23515893642,-0.185919026379,0.251839137962
2002-02-13,0.250193382145,-1.47650428767,-1.08343323849,1.0498667064
2002-02-14,0.315456325692,-1.15133164331,0.453039065002,-0.784147073163
2002-02-15,0.698782425301,-1.18511081069,1.36938920492,-0.260912653054
2002-02-16,2.13356889794,0.360698863571,1.04281945838,0.10918171568
2002-02-17,-0.347415441904,-0.523931376888,0.615795571764,0.242332145189
2002-02-18,0.760453577995,0.195716580951,-1.21505987508,0.99419228115
2002-02-19,1.05124098025,1.35692875561,1.14652651309,-1.66703592274
2002-02-20,-2.2359581287,0.147974013276,1.09510716732,0.500517494095
2002-02-21,-1.05075943995,-1.81243869831,-2.68654785799,-1.1746605648
2002-02-22,-0.862593926103,0.971978320189,-1.21760005212,0.0470577359973
2002-02-23,0.629413526629,-1.42002090606,-0.250583028018,0.232753137889
2002-02-24,-0.0230890320173,-0.604813573068,0.641925485527,-0.66362854129
2002-02-25,1.29171993298,0.647670088656,0.88465704983,-0.690478219597
2002-02-26,0.30859917921,0.158851760027,1.00486499177,0.819485040874
2002-02-27,1.417695695,-0.657150548447,1.25993214399,0.445812398895
2002-02-28,-0.235692206265,-0.629374295452,0.12420514972,-1.17107932227
2002-03-01,-0.471282059459,0.605003849107,0.479390516521,-0.189754973472
2002-03-02,0.64485351719,-0.332162673914,-1.39830260832,0.82615343385
2002-03-03,-1.47691139319,0.435498374352,-0.290380080476,0.297304380449
2002-03-04,-1.10018507632,-1.24871818267,-0.851954857302,-0.868932231649
2002-03-05,0.881988330494,0.863499747533,-0.807867076931,0.987532256859
2002-03-06,-1.14673399706,2.15892497658,0.0751935335167,0.735690200976
2002-03-07,-0.303723611358,0.485653788077,0.989364368052,-0.426599843404
2002-03-08,-0.385145796838,1.96706850346,0.812867823265,-1.3941826197
2002-03-09,-0.741778080709,-0.0915717213776,0.74910798271,0.265747229275
2002-03-10,0.208893623555,-0.25745466111,-0.590549042973,-0.621980449108
2002-03-11,-2.25096046541,0.780731639227,0.545154774937,2.58466044875
2002-03-12,0.318070846891,-1.49787683333,-1.04894598024,-1.13021660824
2002-03-13,1.38639595105,-0.485848241676,-1.99848710347,0.112667105177
2002-03-14,0.421441283607,-0.346154642651,-1.45189148785,-0.593182001726
2002-03-15,-0.161091482008,2.06628218479,-1.01380321636,0.898695675455
2002-03-16,0.659289286242,1.25295194954,0.321635232642,1.18777209846
2002-03-17,-0.150649154527,-0.801180358791,-0.612595533517,1.51021866973
2002-03-18,0.989947096579,-1.89274739973,-0.955272303934,-0.748554735007
2002-03-19,1.46459446407,-0.698185593603,2.19735927485,0.698618858954
2002-03-20,1.32064286334,0.134708343673,-0.858748740246,1.20252396388
2002-03-21,0.146007235291,1.48051425441,-0.355348482244,0.511609291459
2002-03-22,-0.927639446318,1.3910120993,-1.929020365,-0.924785060086
2002-03-23,-1.70942569182,-0.132969932969,-1.6132879168,-0.665643309844
2002-03-24,0.0707713627868,-1.44823367673,-0.369073047539,-0.0145068588425
2002-03-25,-2.24462402546,1.47347864544,0.121501172939,-1.06837973559
2002-03-26,-0.0601159538988,0.197246807662,0.261839072717,-0.58474482249
2002-03-27,0.146163389523,-0.52691343886,-0.0635823603254,0.858070150487
2002-03-28,1.3549749194,0.0694359670931,0.593309523884,-0.689285421746
2002-03-29,1.41138382408,-1.97915634641,2.17454426617,-0.0593044258778
2002-03-30,-0.996100840663,1.15472697073,-1.26680992693,-0.150971955531
2002-03-31,-0.351011947806,0.134752750602,0.628114621342,0.975427946237
2002-04-01,-0.940840251056,1.3089980445,1.73204911314,0.763821095069
2002-04-02,-0.301413664559,0.492769693886,0.190954079746,-0.612448746696
2002-04-03,-2.18844791364,-0.966036617404,-1.11377731272,0.319021256341
2002-04-04,0.817970693341,-1.35156131145,-1.25531519441,2.40774038785
2002-04-05,-1.50058888282,0.0121911268405,-1.26475980374,-1.14528837012
2002-04-06,0.284893500021,0.076569437231,-1.60697036921,-1.3849085212
2002-04-07,-0.24659094595,-0.958123605442,-0.474745195736,0.463819403829
2002-04-08,-0.0299567548525,-0.68752885713,1.40858090874,-0.208432577719
2002-04-09,-0.826856343748,-0.806122522098,0.475195346212,-0.453333738455
2002-04-10,-0.649970782592,-0.361453853698,-1.31177359399,-0.789914764457
2002-04-11,0.383789859727,0.366038799532,-0.0421284717808,1.09700190292
2002-04-12,0.542865337631,0.765432873749,0.0619452037825,-0.817139122535
2002-04-13,0.318565948426,0.652311861084,1.93012814481,-0.226313566076
2002-04-14,0.36653548065,-0.591522579137,1.97135601886,-0.360199037857
2002-04-15,-0.867257418934,1.42092186598,-2.36124361505,-1.46535190805
2002-04-16,0.0601317126335,2.03666236761,1.35108680972,2.00807146598
2002-04-17,0.0896047588635,-0.0926103027812,0.183692856359,-0.465749329404
2002-04-18,-0.0273698587156,-2.55296874406,-0.218103795996,0.655844338384
2002-04-19,-0.293845058423,-1.30208085333,-0.953315450767,-0.472685627221
2002-04-20,0.800639853864,-1.04449369208,1.45672455232,0.116539667993
2002-04-21,0.880876703628,0.594288012972,1.15680868321,0.716051800051
2002-04-22,-1.16982264171,-0.286289262091,-0.557845173451,0.749652991677
2002-04-23,-0.437376816363,0.081405512493,-1.76485519334,-0.663527208091
2002-04-24,0.225815359772,0.636221543771,0.169186975785,-1.52882408371
2002-04-25,-1.34549474976,2.0275810119,0.114963596648,-0.863352557507
2002-04-26,-1.90855368856,1.23041178322,-0.0322194409941,0.302546597834
2002-04-27,0.218851051884,0.454376155232,0.518800062187,1.48007786208
2002-04-28,-0.438198537706,-0.0537113036813,-0.441202266244,1.59240031487
2002-04-29,0.0416452866845,1.37905277322,-1.77231844276,3.15789867906
2002-04-30,-1.40354719769,-0.904035775104,1.09051736725,-0.146448901047
2002-05-01,1.3416706722,0.00276848155203,0.420954642377,1.92155542344
2002-05-02,1.2554901813,-0.700769384419,-1.07910647451,-0.508940964471
2002-05-03,-0.195518660796,-0.258970152847,1.23284826988,-0.10980382493
2002-05-04,-1.87450810351,0.850136342786,-2.08532469131,-0.622492051419
2002-05-05,-0.725008444448,0.420879577236,-1.03423654535,0.535315588776
2002-05-06,-0.230542157326,0.70684202881,-1.23366170362,-1.18960996781
2002-05-07,0.710248574983,-0.619102624587,1.46750108399,0.500383091853
2002-05-08,-0.21547502983,-1.57942940979,-0.76124758374,-0.043751323012
2002-05-09,-0.100825661367,1.02364429521,0.0322726161673,0.520152127941
2002-05-10,-1.94175969995,0.212670937267,-1.68479021777,-0.876617873189
2002-05-11,0.408377737039,-0.53416574659,0.944068765084,0.641596408448
2002-05-12,-1.86755454909,-0.175656580186,-0.802492131875,-1.60528853098
2002-05-13,0.270418398023,-0.42072006109,0.04958542382,-0.324071001448
2002-05-14,-0.675336236145,0.835300254421,1.16079040073,1.71395638887
2002-05-15,-0.180584547213,0.486405199868,-0.122968603703,-0.552694935636
2002-05-16,-0.101207997023,-1.84582952608,0.94500702075,-0.238770673429
2002-05-17,-2.1515402743,-0.995838993518,-0.224465906795,0.648089080389
2002-05-18,-1.23903087,0.468514332714,-1.73242443869,0.169269323027
2002-05-19,-0.554954815766,-0.254208035594,0.577636099419,-0.316883514408
2002-05-20,-0.399770194784,0.611177421131,-0.238726223067,0.734248077938
2002-05-21,0.365977665648,-0.561289838866,0.100700327244,-0.434201347144
2002-05-22,-0.821133930743,-0.943298599748,0.0259894132685,1.56902510948
2002-05-23,-0.0375433407347,0.0286181156165,-1.34877124825,-1.26221035605
2002-05-24,-0.34788978779,-0.665311716267,1.13138437481,-0.224478804963
2002-05-25,-1.04332987922,-0.0572530724192,1.08903124396,-0.400535179631
2002-05-26,1.25582523504,-1.47526579121,1.01267197884,0.133202318558
2002-05-27,-0.739970867515,-0.975957070312,0.727305527631,-0.64581078617
2002-05-28,2.59295677334,-1.20686241997,-0.388070614273,0.0892427740453
2002-05-29,0.875143741482,0.424591898171,0.535532960199,-0.39270810291
2002-05-30,-0.249624071287,0.121428754926,-1.68157733937,-0.291541631944
2002-05-31,-0.381911015844,-0.284858302572,-0.11104727106,1.26307868181
2002-06-01,1.29108247737,-0.836138470904,1.53388129219,1.31576969103
2002-06-02,1.69692033046,-0.93007817207,-1.49652700845,0.450273914124
2002-06-03,-1.17841091254,0.0838066391233,2.005314397,0.228505558604
2002-06-04,-0.460798743374,-0.123551598642,1.21759535535,-1.79268794826
2002-06-05,-1.99879959432,-0.276012945656,0.308863983546,-0.441084626624
2002-06-06,0.444243982608,-1.47919637067,-0.0510203896239,-0.868347964773
2002-06-07,-0.923643320896,1.50487526373,-0.1064745033,-0.507990786839
2002-06-08,-1.97265597982,0.792618729043,-0.0702018841786,0.790903881602
2002-06-09,0.40618290152,0.783723422191,0.459493995495,0.769719400232
2002-06-10,-0.558304644285,1.4390419055,0.71828590635,1.0323883875
2002-06-11,-2.1996852739,-0.398297948578,0.816493181791,-0.65606719667
2002-06-12,-0.724357022731,2.10315477915,-1.50845750118,-0.487015215398
2002-06-13,-2.29077046464,-0.759811312485,0.0874172599447,0.294090138732
2002-06-14,-0.0909967066569,-0.607691288795,-0.0397786470728,0.775514626625
2002-06-15,-1.22643278378,0.255620704313,0.959645281526,-0.456669535217
2002-06-16,0.984133763274,-0.297324545718,0.89278309564,0.426824679496
2002-06-17,1.13891198746,0.469582094772,0.046564829019,1.94483901123
2002-06-18,-0.741303196102,1.37968173523,-1.09246209068,-1.81218197635
2002-06-19,-2.55286758237,-0.668704498114,0.996009299882,-2.5411712009
2002-06-20,-0.576148176847,1.01295687021,0.967964037027,0.364589999253
2002-06-21,-1.01970548455,1.17847443242,0.468092866675,0.455242127261
2002-06-22,0.109755290939,0.383996373645,0.0754481010558,-2.20476553632
2002-06-23,0.723069646683,0.176890788564,0.31211575888,-0.488801885124
2002-06-24,0.361003144596,0.0848853955519,-0.625651412334,-0.294227248154
2002-06-25,0.391930721965,-0.670792350287,-2.01852835786,-0.56301205026
2002-06-26,-0.648248976103,-0.404610631849,2.25099073803,0.25771038794
2002-06-27,0.375256403024,1.03922115043,-1.07008673639,0.392868797973
2002-06-28,1.82043542492,0.105393288371,0.146446021786,-2.15068526761
2002-06-29,1.18025422606,0.435702736359,0.126318119852,-0.399507121998
2002-06-30,0.504438031271,-0.647808989386,-1.52056585562,-0.141203892266
2002-07-01,-0.908263970344,-1.42473875469,0.562755996953,0.149013844629
2002-07-02,0.585834598216,1.23398476382,0.756867627003,-0.965384527144
2002-07-03,-0.0347344732805,-1.47773838933,0.544557418211,-1.04132119967
2002-07-04,-0.955442652466,-0.224604226751,-1.28999304482,0.34261368057
2002-07-05,0.0214262394022,-0.0420705475104,-0.58222172799,0.587126599161
2002-07-06,0.0489164073624,0.598989057659,-1.92455663378,1.05771657047
2002-07-07,1.12607973784,1.04099248593,0.0571180270816,-1.22004325939
2002-07-08,0.514374856567,-0.709243453625,-0.536436148727,-0.691363970047
2002-07-09,-0.0960704174115,-0.474185529238,-1.73105830984,0.839847443461
2002-07-10,1.08665438884,2.63918214284,-0.568064170749,0.800649909444
2002-07-11,0.667541942751,-1.01959336163,0.784313541359,0.0248723973933
2002-07-12,-0.0510123083636,-0.648812290367,0.511760897218,-0.0529476323349
2002-07-13,0.771857756177,-0.680608681786,0.0805828124103,0.595460189579
2002-07-14,0.278090003131,-0.277556651904,1.79299042682,0.93584267933
2002-07-15,-1.06678560028,0.72535393198,0.00148018222271,1.20231179338
2002-07-16,0.814265212825,-0.77210783907,-0.515247254924,0.0257648168662
2002-07-17,-2.15663390289,-0.224372003532,-0.511039469883,-1.53633946654
2002-07-18,0.317257237581,0.61707798674,-0.244855529474,0.543977532651
2002-07-19,-0.183995257349,-2.10654464128,0.660960613345,-0.583888789986
2002-07-20,-1.89094819281,-0.793024080655,-0.134989743118,0.0981232430146
2002-07-21,2.12872415934,-1.22137161283,-0.0272244647495,-1.12108806382
2002-07-22,-1.14760125348,-0.782766643333,0.928209357017,0.582363032052
2002-07-23,0.275228180046,-0.510591153367,0.104849320546,0.440992410749
2002-07-24,0.43599630679,0.133793356397,-0.115444707766,0.29381597951
2002-07-25,0.884555788888,1.66480750136,0.423358635668,-1.81372183226
2002-07-26,-0.452506343908,1.25626816813,0.817965922408,0.344615841662
2002-07-27,-0.160436471297,-0.127719726316,0.508250951914,-0.114274469371
2002-07-28,-1.89291785795,1.60048060823,1.85857887829,-0.446064451577
2002-07-29,0.150462620945,0.383871434992,0.0213528099387,0.557069666286
2002-07-30,-1.01501440985,-0.622734888724,0.843821914395,1.53952568224
2002-07-31,0.368452128493,-0.484695232759,2.11743921188,1.09901519778
2002-08-01,0.487118004538,0.593711235189,0.326043110716,-1.57266970563
2002-08-02,-0.854067800143,-1.15091356973,-1.54627862112,-1.52830245394
2002-08-03,-0.81474962296,-0.152009385438,-0.563633242568,0.220841543927
2002-08-04,-0.214667750944,-0.204407812498,-0.885079860952,1.17479668605
2002-08-05,-0.731172852109,0.282735637261,0.607755333602,-0.194368327634
2002-08-06,-0.714597229658,1.07731580553,0.010793238191,-0.388342453411
2002-08-07,-0.257011924864,-1.01499128058,-0.429881967724,-0.924239728127
2002-08-08,-0.629903933528,0.512292144173,1.93847976742,-2.63678246894
2002-08-09,0.662170253098,-0.423858295359,-0.0830372099487,-1.89304111646
2002-08-10,-0.465169272296,-0.831349705197,2.43691189485,-0.52150532227
2002-08-11,2.22406078078,-0.561286030766,0.44983604951,0.069198247481
2002-08-12,-0.281246746053,-0.0919992814755,-0.892067645598,1.4445989355
2002-08-13,0.845694729765,0.430577018763,0.120960630557,1.07853284128
2002-08-14,-0.849208384525,-0.259006472659,1.7406512104,0.302785711429
2002-08-15,-0.469181951427,-0.206928756386,-0.966645235479,-1.27167195003
2002-08-16,0.938028266743,-0.0205742201212,-0.117487146808,-0.606716536302
2002-08-17,0.591648769233,-1.86268678894,1.80600113131,-1.65525368438
2002-08-18,0.948178510912,-0.0670692208745,0.39362369309,-1.06768893833
2002-08-19,0.18360393628,-0.751708732718,-0.496614692074,1.66596928239
2002-08-20,0.136293682087,0.546416295522,0.20290422096,0.310915269384
2002-08-21,-0.579891278755,-0.370030475097,0.665201702726,-0.829726790373
2002-08-22,1.27289926139,0.363784588813,0.354455653847,0.777183132783
2002-08-23,-2.41902683379,0.167859955043,-1.01181581082,-1.34833677716
2002-08-24,-0.372585437802,0.204314737652,-1.25522868224,0.226538877636
2002-08-25,-1.85271048369,-1.14718534964,-0.344160830487,-0.333458206666
2002-08-26,-0.639338020127,-0.0600730076882,-0.333274610361,1.43200190244
2002-08-27,0.119041526135,0.0125567124452,-0.025646105793,0.802146747648
2002-08-28,-1.12346842835,2.0705094473,1.15137848388,0.108161783456
2002-08-29,0.516335398986,0.1672531947,1.18201747746,-0.407552470758
2002-08-30,-0.0975829468782,0.144613074121,-1.05485939739,-0.717977307864
2002-08-31,-0.199297852833,-1.12255551305,-0.473774531203,1.21680608919
2002-09-01,-2.36834313377,0.000122083742357,-0.613682730291,0.588249891016
2002-09-02,0.520758601441,0.336115031682,0.400811555335,-0.0501026352143
2002-09-03,-0.264940876489,-0.257829757836,2.05326715114,-0.469200919482
2002-09-04,0.629522115541,1.67039595724,0.55157953403,0.442221011909
2002-09-05,0.560418002396,-0.325683894564,0.388405469535,0.587051281187
2002-09-06,0.277802295672,1.59661769794,-0.664566297064,1.94663236319
2002-09-07,-0.927725320268,-0.68193801714,-0.521234708567,-0.987780768961
2002-09-08,0.563451102724,0.998446755081,-0.116325906322,0.268574736346
2002-09-09,-0.246115331167,2.06067550228,-1.93047915228,-0.262025878612
2002-09-10,-1.81386950636,-0.0447527327932,0.772678381219,0.0744377676579
2002-09-11,1.50141653027,-0.843665371082,-0.482535617036,-0.11771669406
2002-09-12,0.965894401972,0.561001495969,0.711450124229,-0.341762187741
2002-09-13,0.485669253965,-1.48770091123,0.157194784211,0.787868140832
2002-09-14,-1.13976002075,1.75025635116,-1.03324513611,-0.107489595454
2002-09-15,-1.00654280823,0.783412721628,-0.647625754769,1.07739797498
2002-09-16,-0.922536906233,-1.14105041783,0.0457039045632,-0.535200963657
2002-09-17,-0.195721744119,1.85089795187,0.432052064143,-0.724550015835
2002-09-18,-0.795689961518,-0.306419926197,-0.643870264677,-0.689172051175
2002-09-19,-0.727660964277,1.11301617733,-0.208160303847,0.767509718663
2002-09-20,-0.242997349958,0.970325279015,0.94248543414,-1.93401651292
2002-09-21,-0.592811997733,-1.31219618786,-0.110955609865,0.109125112229
2002-09-22,1.75234951539,-0.686052125015,-1.05067275881,-0.802338913196
2002-09-23,1.03248913178,0.268679460639,1.06626400179,2.48881637838
2002-09-24,-0.560580948386,-1.04336634571,0.99117211878,-0.692267718102
2002-09-25,-1.29979599308,0.0209652321769,0.85974096213,-0.936735514367
2002-09-26,-1.17795387344,0.00769789667122,0.592481466569,0.756420017287
